{
  "ride_count": 145,
  "range_rule_count": 0,
  "results": [
    {
      "strategy": "modulo",
      "iterations": 15000,
      "avg_ms": 0.0001637055291212164,
      "p95_ms": 0.00024100154405459762,
      "p99_ms": 0.000281001121038571,
      "max_ms": 0.019798000721493736,
      "total_ms": 4.972112999894307,
      "lookups_per_second": 3016826.0456507844,
      "sampled_distribution": {
        "0": 5073,
        "1": 4958,
        "2": 4969
      }
    },
    {
      "strategy": "directory_exact_cache",
      "iterations": 15000,
      "avg_ms": 0.0001788856003258843,
      "p95_ms": 0.00019999970390927047,
      "p99_ms": 0.00028999966161791235,
      "max_ms": 0.0065330004872521386,
      "total_ms": 4.615503999957582,
      "lookups_per_second": 3249915.9355376693,
      "sampled_distribution": {
        "0": 5064,
        "1": 4954,
        "2": 4982
      }
    }
  ]
}