indexer,insert_total_s,delete_total_s
bplus,0.10402450000401586,0.0662886000063736
brute,3.121194400009699,2.245389300020179
