indexer,insert_total_s,delete_total_s
bplus,0.04544910000004165,0.02278440000009141
brute,2.826673399998981,1.9834865000011632
