indexer,insert_total_s,delete_total_s
bplus,0.06246322900005907,0.0397828089990071
brute,1.2830539149999822,1.0770314969995525
