indexer,insert_total_s,delete_total_s
bplus,0.12055020000843797,0.0703164000005927
brute,3.013084299993352,2.2295172000012826
