indexer,insert_total_s,delete_total_s
bplus,0.15635829998063855,0.07754820000263862
brute,3.8570343000174034,2.804488499998115
