distribution,indexer,insert_total_s,search_hit_avg_s
sequential,bplus,0.09492659999523312,4.812600003788248e-06
sequential,brute,2.688439000005019,0.000252819899993483
random,bplus,0.1029934999969555,3.4577000042190774e-06
random,brute,2.99216150000575,0.0002788201999937883
reverse,bplus,0.24507269999594428,4.722199999378063e-06
reverse,brute,2.5892005000059726,0.0002329189000010956
