distribution,indexer,insert_total_s,search_hit_avg_s
sequential,bplus,0.10284179999143817,4.1525000124238435e-06
sequential,brute,2.412488600006327,0.00025174460001289845
random,bplus,0.12176479998743162,3.1076000013854356e-06
random,brute,3.296845000004396,0.0003053828000265639
reverse,bplus,0.26141189999179915,5.360099981771782e-06
reverse,brute,2.9279026000003796,0.0002683128999779001
