distribution,indexer,insert_total_s,search_hit_avg_s
sequential,bplus,0.2529836999892723,4.598100000293926e-06
sequential,brute,3.2668080999865197,0.00032506060000741854
random,bplus,0.16464930001529865,5.2979000029154126e-06
random,brute,3.2288777000212576,0.000347378700011177
reverse,bplus,0.3180997000017669,7.61400000192225e-06
reverse,brute,3.218310400028713,0.00031444340001326055
