distribution,indexer,insert_total_s,search_hit_avg_s
sequential,bplus,0.03819839999960095,1.1286000008112751e-06
sequential,brute,2.153340599999865,0.00021977379999952974
random,bplus,0.04347889999917243,9.452999984205234e-07
random,brute,2.6868954000001395,0.00026388430000042715
reverse,bplus,0.04376769999907992,1.1634000002231914e-06
reverse,brute,2.4165788999998767,0.00021986540000034437
