indexer,total_s,ops_per_sec
bplus,0.924453600004199,10817.200560368394
brute,6.198638299989398,1613.2575440023827
