indexer,total_s,ops_per_sec
bplus,1.0270998000050895,9736.152221965624
brute,6.1573511000024155,1624.0750019916968
