indexer,total_s,ops_per_sec
bplus,0.7664211999999679,13047.6557798772
brute,5.6713980000004085,1763.2336859446789
