indexer,total_s,ops_per_sec
bplus,1.0895893999841064,9177.769167124668
brute,7.274499999999534,1374.6649254245158
