indexer,total_s,ops_per_sec
bplus,0.5850410149996605,17092.818697516108
brute,2.6469761630014546,3777.895751301673
