range_pct,bplus_s,brute_s
0.01,6.180000491440296e-05,0.000825099996291101
0.02,8.079997496679425e-05,0.0007635000220034271
0.05,0.00019759999122470617,0.0008077000093180686
0.1,0.0004961999948136508,0.0008570999780204147
0.2,0.0008363999950233847,0.000849199976073578
0.3,0.0010485000093467534,0.0009137000015471131
0.5,0.0020623999880626798,0.0010590000019874424
