range_pct,bplus_s,brute_s
0.01,6.079999729990959e-05,0.0011911000037798658
0.02,0.00010170000314246863,0.0010528999991947785
0.05,0.00020530000620055944,0.0007609000022057444
0.1,0.00047389999963343143,0.0012261000083526596
0.2,0.0006865999894216657,0.0008713999995961785
0.3,0.0011009000008925796,0.0009202999935951084
0.5,0.00173049999284558,0.0010156000062124804
