range_pct,bplus_s,brute_s
0.01,2.769999991869554e-05,0.000776400000177091
0.02,5.050000072515104e-05,0.00079600000026403
0.05,0.00010590000056254212,0.0011198000011063414
0.1,0.00022059999901102856,0.0007836000004317611
0.2,0.0003969999997934792,0.0008715000003576279
0.3,0.0005488999995577615,0.0011128000005555805
0.5,0.0009049000000231899,0.0009702999996079598
