range_pct,bplus_s,brute_s
0.01,3.7571000575553626e-05,0.0004009650001535192
0.02,4.974400144419633e-05,0.00042768599996634293
0.05,0.0001502129998698365,0.0004583930003718706
0.1,0.000287422000837978,0.0005691619990102481
0.2,0.0006327219998638611,0.000815846999103087
0.3,0.0009165560004475992,0.001066639000782743
0.5,0.0017984779988182709,0.0014409650011657504
