degree,insert_total_s,search_hit_avg_s,range_query_avg_s,delete_avg_s
4,0.06567288499900314,0.0017820970006141579,0.0001503729999967618,2.9991500014148185e-06
6,0.04902590299934673,0.0013769639990641735,0.00010420700164104346,2.500470000086352e-06
8,0.040574300999651314,0.0012597639997693477,0.00010277300134475809,2.343555001061759e-06
16,0.0344015609989583,0.000962092999543529,9.196300015901215e-05,1.840869001171086e-06
32,0.03137929799959238,0.0008675839999341406,9.105100070883054e-05,1.6776009997556685e-06
45,0.030071342998780892,0.0008162980011547916,8.95590001164237e-05,1.674534998528543e-06
