degree,insert_total_s,search_hit_avg_s,range_query_avg_s,delete_avg_s
4,0.10771870001917705,0.0036788000143133104,0.0002883999841287732,5.197699996642768e-06
6,0.07461260000127368,0.00227870000526309,0.0001362999901175499,4.556800005957484e-06
8,0.07412199999089353,0.0020847000123467296,0.00015529998927377164,3.883199999108911e-06
16,0.058141699992120266,0.0017180999857373536,0.00015029998030513525,3.552200010744855e-06
32,0.0623358000011649,0.0021502999879885465,0.0001773000112734735,3.933999978471547e-06
45,0.050580999988596886,0.0012343999987933785,0.00011490000179037452,2.677499986020848e-06
