degree,insert_total_s,search_hit_avg_s,range_query_avg_s,delete_avg_s
4,0.17869930001324974,0.005530199996428564,0.0002896999940276146,6.365300010656938e-06
6,0.12882600000011735,0.0043568000255618244,0.00022200000239536166,5.858499993337318e-06
8,0.12230250000720844,0.0040108000102918595,0.00021150000975467265,5.159399996045977e-06
16,0.11917499999981374,0.0035779000027105212,0.00017440001829527318,5.32789999851957e-06
32,0.13096320000477135,0.003883900004439056,0.000145800004247576,5.981700000120327e-06
45,0.10848539997823536,0.0029110999894328415,0.00013189998571760952,4.147300001932308e-06
